,nu,score
0,0.702929292929293,3.121724730154597
1,0.25747474747474747,3.121724730154597
2,0.5445454545454546,3.121724730154597
3,0.01,0.3131246634963311
4,0.594040404040404,3.121724730154597
